bairro,area,quartos,banheiros,vagas,hospital,gas_station,school,supermarket,restaurant,pharmacy,preco
Vila Passos,70,2,1,1,1,1,1,1,1,1,260000
Parque Mondesir,120,4,1,2,1,1,1,1,1,0,350000
Cidade Industrial,137,3,1,2,1,1,1,1,1,1,300000
Santo Antônio,142,3,1,3,1,0,1,1,1,1,370000
Vila Brito,300,3,5,3,1,1,1,1,1,0,499000
Loteamento Jardim Primavera,55,2,1,1,0,0,1,1,1,1,180000
Vila Geny,72,2,1,2,1,1,1,1,1,1,320000
Loteamento Jardim Primavera,55,2,1,1,0,0,1,1,1,1,180000
Bairro da Cruz,73,2,2,1,1,1,1,1,1,1,499000
Parque Mondesir,576,0,0,0,1,1,1,1,1,0,290000
Nova Lorena,87,2,1,2,1,1,1,1,1,1,320000
Parque das Rodovias,120,2,1,5,1,1,1,1,1,0,280000
Parque das Rodovias,55,2,1,2,1,1,1,1,1,0,270000
Vila Nunes,121,2,1,2,1,1,1,1,1,1,340000
Cidade Industrial,59,2,1,2,1,1,1,1,1,1,235000
Cidade Industrial,130,3,3,2,1,1,1,1,1,1,400000
Vila Geny,100,3,2,2,1,1,1,1,1,1,300000
Cidade Industrial,164,3,2,3,1,1,1,1,1,1,420000
Cidade Industrial,125,2,2,2,1,1,1,1,1,1,470000
Bairro da Cruz,250,3,3,2,1,1,1,1,1,1,650000
Bairro da Cruz,62,2,1,1,1,1,1,1,1,1,187000
Loteamento Jardim Primavera,10,2,1,2,0,0,1,1,1,1,250000
Vila Nunes,1196,0,0,0,1,1,1,1,1,1,480000
Centro,55,2,1,1,1,1,1,1,1,1,220000
Bairro da Cruz,70,2,2,1,1,1,1,1,1,1,320000
Vila dos Comerciários I,141,3,2,1,1,0,1,1,1,0,300000
Bairro da Cruz,73,2,2,0,1,1,1,1,1,1,429000
Loteamento Jardim Primavera,160,4,2,2,0,0,1,1,1,1,450000
Olaria,55,2,1,1,1,1,1,1,1,1,240000
Vila Passos,100,2,1,2,1,1,1,1,1,1,280000
Vila Nunes,300,0,0,0,1,1,1,1,1,1,269000
Cidade Industrial,84,2,1,1,1,1,1,1,1,1,250000
Vila Santa Edwiges,147,2,1,2,1,1,1,1,1,1,350000
Cidade Industrial,180,2,1,2,1,1,1,1,1,1,430000
Residencial Vila Rica,157,2,1,2,1,0,1,1,1,1,345000
Residencial Vila Rica,150,3,4,2,1,0,1,1,1,1,495000
Olaria,75,2,1,2,1,1,1,1,1,1,320000
Parque das Rodovias,4000,0,0,0,1,1,1,1,1,0,300000
Santo Antônio,153,3,2,2,1,0,1,1,1,1,550000
Centro,250,3,2,1,1,1,1,1,1,1,349000
Bairro da Cruz,150,0,0,0,1,1,1,1,1,1,180000
Residencial Vila Rica,70,2,1,2,1,0,1,1,1,1,280000
Centro,520,0,0,0,1,1,1,1,1,1,160000
Vila São Roque,116,2,2,1,1,1,1,1,1,1,300000
Vila Nunes,142,2,2,1,1,1,1,1,1,1,395000
Nova Lorena,126,0,0,0,1,1,1,1,1,1,140000
Cidade Industrial,210,0,0,0,1,1,1,1,1,1,180000
Centro,2000,0,0,0,1,1,1,1,1,1,175000
Vila Nunes,69,2,1,1,1,1,1,1,1,1,269000
Centro,20000,0,0,0,1,1,1,1,1,1,180000
Residencial Vila Rica,40,1,1,1,1,0,1,1,1,1,250000
Vila Passos,196,3,3,2,1,1,1,1,1,1,500000
Vila Passos,61,2,1,2,1,1,1,1,1,1,295000
Centro,96,2,2,1,1,1,1,1,1,1,300000
Loteamento Village das Palmeiras,352,0,0,0,1,1,1,1,1,1,300000
Centro,20000,0,0,0,1,1,1,1,1,1,595000
Centro,231,2,1,2,1,1,1,1,1,1,350000
Parque Mondesir,139,2,2,0,1,1,1,1,1,0,318000
Loteamento Village das Palmeiras,71,2,2,2,1,1,1,1,1,1,390000
Loteamento Village das Palmeiras,75,2,1,2,1,1,1,1,1,1,395000
Santo Antônio,782,0,6,0,1,0,1,1,1,1,649000
Vila Hepacare,90,3,1,2,1,1,1,1,1,1,465000
Vila Santa Edwiges,70,2,2,0,1,1,1,1,1,1,234000
Vila Passos,85,2,1,2,1,1,1,1,1,1,300000
Centro,590,3,2,2,1,1,1,1,1,1,700000
Vila Geny,142,2,2,0,1,1,1,1,1,1,375000
Vila Nunes,300,3,2,3,1,1,1,1,1,1,350000
Bairro da Cruz,70,2,2,1,1,1,1,1,1,1,420000
Vila Nunes,183,3,2,3,1,1,1,1,1,1,430000
Vila Nunes,175,3,3,2,1,1,1,1,1,1,450000
Bairro da Cruz,150,2,2,2,1,1,1,1,1,1,260000
Bairro da Cruz,70,2,1,2,1,1,1,1,1,1,350000
Cidade Industrial,187,4,2,3,1,1,1,1,1,1,280000
Vila Geny,83,2,3,1,1,1,1,1,1,1,560000
Centro,1000,0,0,0,1,1,1,1,1,1,75000
Nova Lorena,142,2,2,2,1,1,1,1,1,1,600000
Bairro da Cruz,199,3,2,3,1,1,1,1,1,1,685000
Cidade Industrial,57,2,1,1,1,1,1,1,1,1,290570
Vila Geny,280,3,1,2,1,1,1,1,1,1,380000
Centro,229,3,1,2,1,1,1,1,1,1,585000
Vila Nunes,190,3,1,3,1,1,1,1,1,1,399000
Cidade Industrial,118,2,1,2,1,1,1,1,1,1,299000
Olaria,175,0,0,0,1,1,1,1,1,1,200000
Cecap,180,0,0,0,1,0,1,1,1,0,240000
Parque Mondesir,750,0,0,0,1,1,1,1,1,0,225000
Centro,180,0,0,0,1,1,1,1,1,1,110000
Centro,1500,0,0,0,1,1,1,1,1,1,115000
Centro,197,0,0,0,1,1,1,1,1,1,130000
Vila Hepacare,82,2,1,1,1,1,1,1,1,1,243000
Vila Geny,150,3,1,3,1,1,1,1,1,1,510000
Vila Hepacare,103,3,1,2,1,1,1,1,1,1,290000
Vila Nunes,300,3,2,3,1,1,1,1,1,1,410000
Vila dos Comerciários I,175,3,2,4,1,0,1,1,1,0,270000
Centro,232,0,0,0,1,1,1,1,1,1,140000
Bairro da Cruz,260,0,0,0,1,1,1,1,1,1,280000
Cidade Industrial,64,2,1,1,1,1,1,1,1,1,320000
Bairro da Cruz,120,3,2,2,1,1,1,1,1,1,500000
Centro,500,0,0,0,1,1,1,1,1,1,250000
Santo Antônio,245,2,3,4,1,0,1,1,1,1,700000
Olaria,227,2,2,1,1,1,1,1,1,1,350000
Centro,130,3,1,2,1,1,1,1,1,1,590000
Portal das Palmeiras,117,4,2,2,1,1,1,1,1,0,245000
Cidade Industrial,91,2,2,0,1,1,1,1,1,1,450000
Bairro da Cruz,153,0,0,0,1,1,1,1,1,1,145000
Vila Passos,220,3,1,4,1,1,1,1,1,1,349000
Centro,130,3,1,2,1,1,1,1,1,1,590000
Portal das Palmeiras,117,4,2,2,1,1,1,1,1,0,245000
Cidade Industrial,91,2,2,0,1,1,1,1,1,1,450000
Bairro da Cruz,153,0,0,0,1,1,1,1,1,1,145000
Vila Passos,220,3,1,4,1,1,1,1,1,1,349000
Bairro da Cruz,960,0,0,0,1,1,1,1,1,1,260000
Bairro da Cruz,135,0,0,0,1,1,1,1,1,1,212000
Parque Mondesir,130,3,2,1,1,1,1,1,1,0,350000
Bairro da Cruz,183,2,1,3,1,1,1,1,1,1,250000
Vila Nunes,97,3,1,3,1,1,1,1,1,1,370000
Cidade Industrial,105,3,1,2,1,1,1,1,1,1,400000
Vila Passos,70,2,2,1,1,1,1,1,1,1,240000
Vila Nunes,235,3,3,2,1,1,1,1,1,1,330000
Parque Mondesir,750,0,0,0,1,1,1,1,1,0,225000
Bairro da Cruz,140,3,3,3,1,1,1,1,1,1,550000
Cidade Industrial,175,2,1,1,1,1,1,1,1,1,355000
Centro,20000,0,0,0,1,1,1,1,1,1,190000
Vila Passos,112,2,3,4,1,1,1,1,1,1,650000
Centro,125,3,2,0,1,1,1,1,1,1,280000
Vila São Roque,10,3,1,1,1,1,1,1,1,1,330000
Cidade Industrial,57,2,1,1,1,1,1,1,1,1,295530
Bairro da Cruz,449,0,0,0,1,1,1,1,1,1,279000
Loteamento Jardim Primavera,147,2,2,0,0,0,1,1,1,1,165000
Cidade Industrial,176,2,1,2,1,1,1,1,1,1,450000
Bairro da Cruz,142,3,4,2,1,1,1,1,1,1,700000
Jardim Novo Horizonte,126,0,0,0,1,1,1,1,1,0,79000
Bairro da Cruz,115,4,2,2,1,1,1,1,1,1,450000
Vila Geny,71,2,2,1,1,1,1,1,1,1,270000
Jardim Novo Horizonte,253,0,0,0,1,1,1,1,1,0,140000
Bairro da Cruz,20753,0,0,0,1,1,1,1,1,1,200000
Vila Nunes,150,2,3,2,1,1,1,1,1,1,600000
Loteamento Jardim Primavera,147,2,1,2,0,0,1,1,1,1,280000
Centro,400,2,3,0,1,1,1,1,1,1,399000
Santo Antônio,108,3,1,2,1,0,1,1,1,1,350000
Parque Mondesir,750,0,0,0,1,1,1,1,1,0,225000
Bairro da Cruz,200,3,1,3,1,1,1,1,1,1,350000
Parque Mondesir,4000,0,0,0,1,1,1,1,1,0,10000000
Vila Nunes,87,3,2,3,1,1,1,1,1,1,520000
Vila Geny,300,3,4,4,1,1,1,1,1,1,499000
Parque Mondesir,750,0,0,0,1,1,1,1,1,0,225000
Aterrado,50,2,1,1,1,0,1,1,1,1,210000
Cidade Industrial,210,0,0,0,1,1,1,1,1,1,140000
Ponte Nova,1000,0,0,0,1,0,1,0,1,0,110000
Ponte Nova,3000,0,0,0,1,0,1,0,1,0,140000
Bairro da Cruz,71,2,1,1,1,1,1,1,1,1,265000
Vila Nunes,456,0,0,0,1,1,1,1,1,1,280000
Bairro da Cruz,125,2,1,2,1,1,1,1,1,1,280000
Cidade Industrial,175,2,2,3,1,1,1,1,1,1,350000
Jardim Novo Horizonte,126,0,0,0,1,1,1,1,1,0,78000
Olaria,360,3,2,3,1,1,1,1,1,1,575000
Santo Antônio,70,2,1,1,1,0,1,1,1,1,160000
Aterrado,50,2,1,1,1,0,1,1,1,1,250000
Aterrado,55,2,1,1,1,0,1,1,1,1,189000
Vila Hepacare,73,3,1,3,1,1,1,1,1,1,335000
Vila Hepacare,80,2,1,1,1,1,1,1,1,1,280000
Aterrado,300,0,0,0,1,0,1,1,1,1,150000
Parque Mondesir,750,0,0,0,1,1,1,1,1,0,225000
Centro,300,3,1,2,1,1,1,1,1,1,560000
Bairro da Cruz,58,2,1,0,1,1,1,1,1,1,279000
Bairro da Cruz,184,3,1,1,1,1,1,1,1,1,300000
Parque Mondesir,60,3,2,1,1,1,1,1,1,0,380000
Aterrado,4000,3,2,5,1,0,1,1,1,1,510000
Olaria,150,2,1,2,1,1,1,1,1,1,270000
Cabelinha,503,3,2,0,1,1,1,1,1,1,400000
Bairro da Cruz,150,2,1,0,1,1,1,1,1,1,300000
Vila Nunes,300,3,2,3,1,1,1,1,1,1,400000
Centro,2000,2,2,0,1,1,1,1,1,1,300000
Santo Antônio,142,3,2,2,1,0,1,1,1,1,350000
Nova Lorena,187,2,2,2,1,1,1,1,1,1,280000
Bairro da Cruz,3750,0,0,0,1,1,1,1,1,1,150000
Parque das Rodovias,2000,0,0,0,1,1,1,1,1,0,200000
Residencial Vila Rica,175,0,0,0,1,0,1,1,1,1,110000
Bairro da Cruz,125,3,1,3,1,1,1,1,1,1,630000
Olaria,150,0,0,0,1,1,1,1,1,1,105000
Centro,350,4,3,0,1,1,1,1,1,1,700000
Vila Nunes,330,6,4,2,1,1,1,1,1,1,700000
Loteamento Jardim Primavera,147,0,0,0,0,0,1,1,1,1,85000
Vila Passos,200,2,2,4,1,1,1,1,1,1,650000
Bairro da Cruz,140,3,3,3,1,1,1,1,1,1,550000
Centro,21000,2,2,0,1,1,1,1,1,1,380000
Bairro da Cruz,180,2,1,1,1,1,1,1,1,1,200000
Bairro da Cruz,147,0,0,0,1,1,1,1,1,1,110000
Centro,1000,0,0,0,1,1,1,1,1,1,185000
Cidade Industrial,2754,0,0,0,1,1,1,1,1,1,850000
Jardim Novo Horizonte,3000,0,0,0,1,1,1,1,1,0,120000
Loteamento Jardim Primavera,147,0,0,0,0,0,1,1,1,1,90000
Centro,5000,3,4,10,1,1,1,1,1,1,1500000
Bairro da Cruz,245,2,2,3,1,1,1,1,1,1,550000
Cidade Industrial,300,0,0,0,1,1,1,1,1,1,268500
Parque Mondesir,360,0,0,0,1,1,1,1,1,0,280000
Loteamento Village das Palmeiras,350,0,0,0,1,1,1,1,1,1,410000
Bairro da Cruz,53,2,1,1,1,1,1,1,1,1,270000
Loteamento Jardim Primavera,294,0,0,0,0,0,1,1,1,1,180000
Bairro da Cruz,160,0,0,0,1,1,1,1,1,1,149000
Vila Geny,67,2,2,1,1,1,1,1,1,1,419000
Bairro da Cruz,750,1,1,2,1,1,1,1,1,1,450000
Área Rural de Lorena,24200,0,0,0,0,0,0,0,0,0,198000
Vila São Roque,450,2,1,1,1,1,1,1,1,1,249000
Bairro da Cruz,108,2,1,0,1,1,1,1,1,1,290000
Centro,500,4,4,10,1,1,1,1,1,1,1500000
Vila Santa Edwiges,70,1,1,1,1,1,1,1,1,1,235000
Vila Hepacare,100,3,1,2,1,1,1,1,1,1,275000
Aterrado,49,2,1,1,1,0,1,1,1,1,189000
Aterrado,49,2,1,1,1,0,1,1,1,1,220000
Loteamento Village das Palmeiras,344,0,0,0,1,1,1,1,1,1,319000
Vila Santa Edwiges,70,1,1,1,1,1,1,1,1,1,235000
Vila Hepacare,100,3,1,2,1,1,1,1,1,1,275000
Aterrado,49,2,1,1,1,0,1,1,1,1,189000
Aterrado,49,2,1,1,1,0,1,1,1,1,220000
Loteamento Village das Palmeiras,344,0,0,0,1,1,1,1,1,1,319000
Vila Passos,58,2,1,1,1,1,1,1,1,1,290000
Vila Passos,58,2,1,1,1,1,1,1,1,1,290000
Cidade Industrial,420,0,0,0,1,1,1,1,1,1,220000
Bairro da Cruz,49,2,1,0,1,1,1,1,1,1,190000
Bairro da Cruz,74,2,1,1,1,1,1,1,1,1,350000
Bairro da Cruz,200,4,2,4,1,1,1,1,1,1,371000
Centro,150,2,2,0,1,1,1,1,1,1,510000
Centro,190,3,1,1,1,1,1,1,1,1,240000
Vila Hepacare,144,0,0,0,1,1,1,1,1,1,140000
Parque Mondesir,513,0,0,0,1,1,1,1,1,0,350000
Centro,750,4,3,2,1,1,1,1,1,1,600000
Vila Brito,125,2,1,0,1,1,1,1,1,0,260000
Vila Hepacare,180,3,3,5,1,1,1,1,1,1,750000
Bairro da Cruz,148,3,1,2,1,1,1,1,1,1,498000
Santo Antônio,107,2,1,0,1,0,1,1,1,1,250000
Parque Mondesir,101640,4,2,0,1,1,1,1,1,0,550000
Olaria,198,0,0,0,1,1,1,1,1,1,129000
Vila Santa Edwiges,70,2,1,2,1,1,1,1,1,1,345000
Bairro da Cruz,360,0,0,0,1,1,1,1,1,1,320000
Cidade Industrial,210,0,0,0,1,1,1,1,1,1,140000
Loteamento Village das Palmeiras,272,0,0,0,1,1,1,1,1,1,240000
Centro,140,3,2,1,1,1,1,1,1,1,290000
Santo Antônio,113,3,2,1,1,0,1,1,1,1,300000
Olaria,91900,3,4,3,1,1,1,1,1,1,1000000
Bairro da Cruz,140,3,3,3,1,1,1,1,1,1,550000
Vila Geny,65,2,1,2,1,1,1,1,1,1,340000
Aterrado,170,0,0,0,1,0,1,1,1,1,84168
Vila Nunes,121,3,3,2,1,1,1,1,1,1,360000
Bairro da Cruz,405,2,1,4,1,1,1,1,1,1,480000
Vila Nunes,10,3,1,2,1,1,1,1,1,1,450000
Área Rural de Lorena,1200,1,1,0,0,0,0,0,0,0,180000
Olaria,162,2,2,1,1,1,1,1,1,1,456000
Bairro da Cruz,140,3,3,3,1,1,1,1,1,1,550000
Cabelinha,170,3,2,2,1,1,1,1,1,1,599000
Bairro da Cruz,5125,2,1,6,1,1,1,1,1,1,740000
Parque Mondesir,432,0,0,0,1,1,1,1,1,0,295000
Nova Lorena,170,3,3,2,1,1,1,1,1,1,480000
Bairro da Cruz,168,2,1,1,1,1,1,1,1,1,340000
Olaria,55,2,1,1,1,1,1,1,1,1,250000
Bairro da Cruz,250,3,1,0,1,1,1,1,1,1,372000
Aterrado,1275,0,0,0,1,0,1,1,1,1,200000
Loteamento Jardim Primavera,147,0,0,0,0,0,1,1,1,1,130000
Bairro da Cruz,733,0,0,0,1,1,1,1,1,1,380000
Parque das Rodovias,175,0,0,0,1,1,1,1,1,0,84000
Loteamento Jardim Primavera,147,0,0,0,0,0,1,1,1,1,90000
Vila Passos,58,2,1,1,1,1,1,1,1,1,280000
Nova Lorena,80,2,2,1,1,1,1,1,1,1,390000
Loteamento Jardim Primavera,147,0,0,0,0,0,1,1,1,1,109000
Santo Antônio,762,0,0,0,1,0,1,1,1,1,600000
Loteamento Jardim Primavera,147,2,1,2,0,0,1,1,1,1,280000
Loteamento Jardim Primavera,185,0,0,0,0,0,1,1,1,1,100000
Vila Hepacare,54,2,1,1,1,1,1,1,1,1,280000
Olaria,55,2,1,1,1,1,1,1,1,1,250000
Vila Portugal,300,0,0,0,0,0,0,0,1,0,175000
Aterrado,1600,0,0,0,1,0,1,1,1,1,250000
Parque das Rodovias,55,2,1,1,1,1,1,1,1,0,300000
Centro,52,2,2,0,1,1,1,1,1,1,270000
Loteamento Jardim Primavera,147,0,0,0,0,0,1,1,1,1,90000
Parque das Rodovias,300,0,0,0,1,1,1,1,1,0,175000
Parque das Rodovias,175,0,0,0,1,1,1,1,1,0,117000
Cecap,107,2,1,2,1,0,1,1,1,0,280000
Vila Passos,720,0,0,0,1,1,1,1,1,1,380000
Olaria,360,0,0,0,1,1,1,1,1,1,280000
Olaria,162,2,2,1,1,1,1,1,1,1,456000
Bairro da Cruz,158,0,0,0,1,1,1,1,1,1,95000
Bairro da Cruz,300,2,1,0,1,1,1,1,1,1,375000
Olaria,125,2,2,1,1,1,1,1,1,1,390000
Vila Brito,149,0,0,0,1,1,1,1,1,0,90000
Vila Passos,70,2,2,1,1,1,1,1,1,1,275000
Vila Nunes,150,0,0,0,1,1,1,1,1,1,157000
Bairro da Cruz,248,3,1,2,1,1,1,1,1,1,500000
Residencial Vila Rica,96,2,1,2,1,0,1,1,1,1,289000
Bairro da Cruz,175,0,0,0,1,1,1,1,1,1,198000
Aterrado,49,2,1,1,1,0,1,1,1,1,220000
Cidade Industrial,225,0,0,0,1,1,1,1,1,1,180000
Olaria,162,2,2,1,1,1,1,1,1,1,456000
Centro,330,2,2,0,1,1,1,1,1,1,210000
Bairro da Cruz,175,0,0,0,1,1,1,1,1,1,110000
Centro,100,2,1,1,1,1,1,1,1,1,310000
Centro,250,0,0,0,1,1,1,1,1,1,250000
Bairro da Cruz,140,3,3,3,1,1,1,1,1,1,550000
Centro,137,3,2,0,1,1,1,1,1,1,300000
Centro,20000,0,0,0,1,1,1,1,1,1,130000
Cidade Industrial,81,2,1,1,1,1,1,1,1,1,300000
Bairro da Cruz,193,3,2,2,1,1,1,1,1,1,550000
Bairro da Cruz,270,4,2,1,1,1,1,1,1,1,360000
Centro,103,2,1,1,1,1,1,1,1,1,320000
Bairro da Cruz,363,2,1,0,1,1,1,1,1,1,320000
Bairro da Cruz,140,3,3,3,1,1,1,1,1,1,550000
Nova Lorena,160,2,3,2,1,1,1,1,1,1,450000
Bairro da Cruz,320,3,1,2,1,1,1,1,1,1,550000
Bairro da Cruz,72,2,2,1,1,1,1,1,1,1,350000
Bairro da Cruz,280,2,2,1,1,1,1,1,1,1,575000
Cidade Industrial,444,0,0,0,1,1,1,1,1,1,300000
Cidade Industrial,245,3,3,5,1,1,1,1,1,1,730000
Vila Geny,197,3,2,4,1,1,1,1,1,1,500000
Nova Lorena,90,2,4,2,1,1,1,1,1,1,410000
Vila Passos,733,0,0,0,1,1,1,1,1,1,199000
Vila Portugal,600,0,0,0,0,0,0,0,1,0,300000
Cidade Industrial,210,2,1,2,1,1,1,1,1,1,425000
Vila Geny,197,3,2,4,1,1,1,1,1,1,500000
Nova Lorena,90,2,4,2,1,1,1,1,1,1,410000
Vila Passos,733,0,0,0,1,1,1,1,1,1,199000
Vila Portugal,600,0,0,0,0,0,0,0,1,0,300000
Cidade Industrial,210,2,1,2,1,1,1,1,1,1,425000
Cidade Industrial,612,0,0,0,1,1,1,1,1,1,300000
Bairro da Cruz,160,1,1,0,1,1,1,1,1,1,220000
Centro,20000,0,0,0,1,1,1,1,1,1,300000
Vila Santa Edwiges,70,1,1,1,1,1,1,1,1,1,234000
Vila Santa Edwiges,72,2,2,1,1,1,1,1,1,1,340000
Bairro da Cruz,420,2,1,4,1,1,1,1,1,1,390000
Centro,107,5,7,3,1,1,1,1,1,1,18000000
Vila dos Comerciários I,186,3,2,1,1,0,1,1,1,0,320000
Parque Mondesir,432,0,0,0,1,1,1,1,1,0,320000
Bairro da Cruz,434,0,0,0,1,1,1,1,1,1,318000
Vila dos Comerciários I,120,3,1,1,1,0,1,1,1,0,310000
Vila Passos,58,2,1,1,1,1,1,1,1,1,270000
Bairro da Cruz,150,0,0,0,1,1,1,1,1,1,250000
Loteamento Village das Palmeiras,175,2,1,2,1,1,1,1,1,1,580000
Olaria,250,0,0,0,1,1,1,1,1,1,299000
Centro,182,2,1,1,1,1,1,1,1,1,250000
Centro,80,0,0,0,1,1,1,1,1,1,345000
Cidade Industrial,53,2,1,1,1,1,1,1,1,1,250000
Santo Antônio,246,5,4,6,1,0,1,1,1,1,480000
Vila Nunes,64,2,2,1,1,1,1,1,1,1,385000
Vila Passos,160,3,1,1,1,1,1,1,1,1,259000
Cidade Industrial,2578,0,0,0,1,1,1,1,1,1,745000
Aterrado,44,2,1,1,1,0,1,1,1,1,215000
Área Rural de Lorena,2400,1,1,0,0,0,0,0,0,0,240000
Centro,153,3,2,2,1,1,1,1,1,1,910000
Cidade Industrial,57,2,1,1,1,1,1,1,1,1,271410
Vila Hepacare,82,0,2,1,1,1,1,1,1,1,550000
Bairro da Cruz,5000,3,3,3,1,1,1,1,1,1,1450000
Vila Nunes,64,2,1,2,1,1,1,1,1,1,385000
Bairro da Cruz,300,3,1,2,1,1,1,1,1,1,540000
Santo Antônio,112,2,1,2,1,0,1,1,1,1,300000
Vila Nunes,300,0,0,0,1,1,1,1,1,1,500000
Bairro da Cruz,125,0,0,0,1,1,1,1,1,1,115000
Área Rural de Lorena,1320,1,1,0,0,0,0,0,0,0,150000
Bairro da Cruz,70,2,1,1,1,1,1,1,1,1,400000
Vila Geny,83,3,2,1,1,1,1,1,1,1,670000
Santo Antônio,48,2,2,1,1,0,1,1,1,1,199990
Vila Hepacare,53,2,1,1,1,1,1,1,1,1,299000
Vila Geny,67,2,1,0,1,1,1,1,1,1,480000
Bairro da Cruz,60,1,1,0,1,1,1,1,1,1,530000
Vila Passos,75,2,2,2,1,1,1,1,1,1,340000
Vila Nunes,99,2,1,1,1,1,1,1,1,1,320000
Parque Mondesir,576,0,0,0,1,1,1,1,1,0,290000
Cidade Industrial,54,2,1,1,1,1,1,1,1,1,187000
Centro,350,3,3,0,1,1,1,1,1,1,750000
Centro,1650,3,4,0,1,1,1,1,1,1,1200000
Parque Mondesir,523,0,0,0,1,1,1,1,1,0,300000
Bairro da Cruz,5000,2,1,0,1,1,1,1,1,1,748000
Bairro da Cruz,120,3,2,2,1,1,1,1,1,1,466000
Bairro da Cruz,141,1,1,2,1,1,1,1,1,1,380000
Nova Lorena,258,3,3,2,1,1,1,1,1,1,570000
Jardim Novo Horizonte,84700,2,1,0,1,1,1,1,1,0,500000
Cidade Industrial,360,3,2,0,1,1,1,1,1,1,495000
Área Rural de Lorena,22000,2,1,2,0,0,0,0,0,0,320000
Nova Lorena,160,2,3,0,1,1,1,1,1,1,550000
Cidade Industrial,137,2,2,2,1,1,1,1,1,1,340000
Santo Antônio,126,2,3,6,1,0,1,1,1,1,450000
Vila Hepacare,47,2,1,10,1,1,1,1,1,1,350000
Vila Nunes,64,2,1,1,1,1,1,1,1,1,370000
Vila São Roque,300,5,5,4,1,1,1,1,1,1,1050000
Vila Nunes,180,3,1,1,1,1,1,1,1,1,480000
Nova Lorena,192,3,1,1,1,1,1,1,1,1,320000
Residencial Vila Rica,183,0,0,0,1,0,1,1,1,1,100000
Olaria,162,2,2,1,1,1,1,1,1,1,456000
Centro,722,0,0,0,1,1,1,1,1,1,350000
Centro,1500,2,0,5,1,1,1,1,1,1,650000
Loteamento Village das Palmeiras,72,0,0,0,1,1,1,1,1,1,159000
Cidade Industrial,210,0,0,0,1,1,1,1,1,1,170000
Bairro da Cruz,272,3,2,2,1,1,1,1,1,1,730000
Cidade Industrial,130,2,1,2,1,1,1,1,1,1,299000
Vila Passos,297,0,0,0,1,1,1,1,1,1,320000
Bairro da Cruz,124,3,4,2,1,1,1,1,1,1,1650000
Parque das Rodovias,87,2,2,2,1,1,1,1,1,0,385000
Centro,250,3,4,1,1,1,1,1,1,1,499000
Bairro da Cruz,450,3,1,0,1,1,1,1,1,1,330000
Vila Nunes,300,0,0,0,1,1,1,1,1,1,500000
Bairro da Cruz,360,3,1,2,1,1,1,1,1,1,450000
Loteamento Village das Palmeiras,205,0,0,0,1,1,1,1,1,1,210000
Bairro da Cruz,450,0,0,0,1,1,1,1,1,1,300000
Centro,330,3,2,2,1,1,1,1,1,1,1250000
Parque Mondesir,149,3,1,2,1,1,1,1,1,0,435000
Área Rural de Lorena,3668,1,1,0,0,0,0,0,0,0,270000
Cidade Industrial,150,2,1,2,1,1,1,1,1,1,330000
Loteamento Village das Palmeiras,153,3,2,2,1,1,1,1,1,1,910000
Bairro da Cruz,300,0,0,0,1,1,1,1,1,1,355000
Parque Mondesir,491,0,0,0,1,1,1,1,1,0,290000
Vila Nunes,112,3,2,2,1,1,1,1,1,1,450000
Centro,330,0,0,0,1,1,1,1,1,1,299000
Bairro da Cruz,750,0,0,0,1,1,1,1,1,1,607000
Residencial Vila Rica,193,0,0,0,1,0,1,1,1,1,105000
Olaria,162,2,2,1,1,1,1,1,1,1,456000
Vila Passos,280,2,2,1,1,1,1,1,1,1,279000
Bairro da Cruz,375,3,1,2,1,1,1,1,1,1,550000
Bairro da Cruz,150,0,0,0,1,1,1,1,1,1,130000
Vila Nunes,140,3,3,2,1,1,1,1,1,1,480000
Cidade Industrial,202,4,3,4,1,1,1,1,1,1,600000
Vila Passos,214,3,2,5,1,1,1,1,1,1,350000
Aterrado,49,2,1,1,1,0,1,1,1,1,190000
Vila São Roque,90,2,2,1,1,1,1,1,1,1,240000
Vila Nunes,300,0,0,0,1,1,1,1,1,1,500000
Cidade Industrial,202,4,3,4,1,1,1,1,1,1,600000
Vila Passos,214,3,2,5,1,1,1,1,1,1,350000
Aterrado,49,2,1,1,1,0,1,1,1,1,190000
Vila São Roque,90,2,2,1,1,1,1,1,1,1,240000
Vila Nunes,300,0,0,0,1,1,1,1,1,1,500000
Bairro da Cruz,1000,1,2,0,1,1,1,1,1,1,740000
Bairro da Cruz,1000,0,0,0,1,1,1,1,1,1,600000
Bairro da Cruz,250,3,1,0,1,1,1,1,1,1,450000
Parque Mondesir,506,0,0,0,1,1,1,1,1,0,340000
Cidade Industrial,115,2,2,1,1,1,1,1,1,1,399000
Parque Mondesir,368,0,0,0,1,1,1,1,1,0,270000
Bairro da Cruz,900,0,0,0,1,1,1,1,1,1,424000
Centro,232,0,0,0,1,1,1,1,1,1,145000
Loteamento Village das Palmeiras,352,0,0,0,1,1,1,1,1,1,308000
Olaria,232,3,1,1,1,1,1,1,1,1,395000
Vila Hepacare,360,4,2,2,1,1,1,1,1,1,450000
Bairro da Cruz,187,3,1,0,1,1,1,1,1,1,440000
Vila Nunes,283,3,2,4,1,1,1,1,1,1,895000
Centro,48400,3,3,0,1,1,1,1,1,1,800000
Parque das Rodovias,69,2,1,0,1,1,1,1,1,0,247500
Vila Geny,67,2,1,1,1,1,1,1,1,1,480000
Centro,300,3,1,4,1,1,1,1,1,1,1000000
Vila Nunes,300,1,1,4,1,1,1,1,1,1,250000
Bairro da Cruz,280,6,4,3,1,1,1,1,1,1,720000
Bairro da Cruz,400,2,2,3,1,1,1,1,1,1,399000
Vila Nunes,300,0,0,0,1,1,1,1,1,1,500000
Vila Nunes,64,2,2,1,1,1,1,1,1,1,370000
Parque Mondesir,239,3,2,4,1,1,1,1,1,0,730000
Olaria,200,4,2,2,1,1,1,1,1,1,390000
Vila Hepacare,312,0,3,0,1,1,1,1,1,1,650000
Bairro da Cruz,72,2,2,1,1,1,1,1,1,1,370000
Santo Antônio,50,2,1,1,1,0,1,1,1,1,220000
Vila Geny,124,3,1,5,1,1,1,1,1,1,450000
Bairro da Cruz,506,0,0,1,1,1,1,1,1,1,340000
Olaria,110,2,3,2,1,1,1,1,1,1,560000
Vila Geny,78,2,1,1,1,1,1,1,1,1,280000
Olaria,162,2,2,1,1,1,1,1,1,1,456000
Parque Mondesir,180,3,2,0,1,1,1,1,1,0,1300000
Santo Antônio,211,4,3,3,1,0,1,1,1,1,450000
Parque Mondesir,206300,0,0,0,1,1,1,1,1,0,6500000
Área Rural de Lorena,107,0,0,0,0,0,0,0,0,0,18000000
Vila Nunes,300,0,0,0,1,1,1,1,1,1,500000
Centro,190,3,1,2,1,1,1,1,1,1,795000
Bairro da Cruz,300,2,1,1,1,1,1,1,1,1,450000
Vila Hepacare,158,3,1,1,1,1,1,1,1,1,450000
Bairro da Cruz,2280,0,0,0,1,1,1,1,1,1,450000
Santo Antônio,60,2,2,2,1,0,1,1,1,1,400000
Bairro da Cruz,300,4,1,4,1,1,1,1,1,1,980000
Bairro da Cruz,750,0,0,0,1,1,1,1,1,1,900000
Santo Antônio,112,3,1,0,1,0,1,1,1,1,215000
Loteamento Village das Palmeiras,153,3,3,2,1,1,1,1,1,1,920000
Santo Antônio,115,1,2,10,1,0,1,1,1,1,250000
Aterrado,1520,3,6,9,1,0,1,1,1,1,900000
Vila Passos,86,2,1,1,1,1,1,1,1,1,500000
Loteamento Village das Palmeiras,353,0,0,0,1,1,1,1,1,1,372000
Vila Portugal,16250,4,3,10,0,0,0,0,1,0,2800000
Bairro da Cruz,450,2,1,4,1,1,1,1,1,1,730000
Parque Mondesir,360,0,0,0,1,1,1,1,1,0,320000
Santo Antônio,51,2,1,1,1,0,1,1,1,1,200000
Jardim Novo Horizonte,210,0,0,0,1,1,1,1,1,0,100000
Vila Nunes,201,3,3,4,1,1,1,1,1,1,550000
Vila Passos,732,0,0,0,1,1,1,1,1,1,330000
Vila Nunes,64,2,2,1,1,1,1,1,1,1,395000
Bairro da Cruz,150,2,1,2,1,1,1,1,1,1,350000
Parque Mondesir,474,3,1,3,1,1,1,1,1,0,750000
Vila Brito,89,2,1,0,1,1,1,1,1,0,220000
Bairro da Cruz,250,3,1,3,1,1,1,1,1,1,550000
Vila Nunes,300,0,3,1,1,1,1,1,1,1,500000
Vila Hepacare,90,4,2,2,1,1,1,1,1,1,480000
Vila Nunes,196,3,2,2,1,1,1,1,1,1,450000
Jardim Novo Horizonte,16100,0,0,0,1,1,1,1,1,0,899000
Nova Lorena,142,2,2,2,1,1,1,1,1,1,600000
Loteamento Village das Palmeiras,703,0,0,0,1,1,1,1,1,1,820000
Bairro da Cruz,65,2,1,1,1,1,1,1,1,1,320000
Vila Passos,58,2,1,1,1,1,1,1,1,1,270000
Cidade Industrial,210,3,2,4,1,1,1,1,1,1,490000
Bairro da Cruz,230,2,1,2,1,1,1,1,1,1,920000
Bairro da Cruz,124,3,3,2,1,1,1,1,1,1,1150000
Vila Santa Edwiges,420,0,2,0,1,1,1,1,1,1,550000
Bairro da Cruz,250,0,2,0,1,1,1,1,1,1,400000
Vila Brito,360,1,1,1,1,1,1,1,1,0,280000
Bairro da Cruz,161,3,1,0,1,1,1,1,1,1,395000
Bairro da Cruz,71,3,2,0,1,1,1,1,1,1,300000
Vila Portugal,400,3,2,12,0,0,0,0,1,0,980000
Cabelinha,170,3,3,1,1,1,1,1,1,1,590000
Vila Hepacare,282,4,3,1,1,1,1,1,1,1,890000
Centro,250,2,3,10,1,1,1,1,1,1,750000
Portal das Palmeiras,60,2,1,2,1,1,1,1,1,0,290000
Bairro da Cruz,221,3,3,4,1,1,1,1,1,1,1000000
Nova Lorena,170,3,1,2,1,1,1,1,1,1,850000
Área Rural de Lorena,12000,4,1,0,0,0,0,0,0,0,980000
Parque Mondesir,180,3,2,2,1,1,1,1,1,0,650000
Centro,750,0,0,0,1,1,1,1,1,1,370000
Bairro da Cruz,150,0,1,0,1,1,1,1,1,1,550000
Olaria,302,4,5,4,1,1,1,1,1,1,890000
Cidade Industrial,210,2,2,2,1,1,1,1,1,1,420000
Cidade Industrial,2754,0,0,0,1,1,1,1,1,1,800000
Centro,169400,0,0,0,1,1,1,1,1,1,900000
Centro,1500,0,0,0,1,1,1,1,1,1,795000
Loteamento Village das Palmeiras,194,3,3,1,1,1,1,1,1,1,629600
Vila Passos,507,0,0,0,1,1,1,1,1,1,360000
Cidade Industrial,100,3,2,3,1,1,1,1,1,1,460000
Cidade Industrial,280,2,3,4,1,1,1,1,1,1,730000
Bairro da Cruz,288,3,2,0,1,1,1,1,1,1,480000
Loteamento Village das Palmeiras,194,3,3,1,1,1,1,1,1,1,629600
Vila Passos,507,0,0,0,1,1,1,1,1,1,360000
Cidade Industrial,100,3,2,3,1,1,1,1,1,1,460000
Cidade Industrial,280,2,3,4,1,1,1,1,1,1,730000
Bairro da Cruz,288,3,2,0,1,1,1,1,1,1,480000
Centro,91000,0,0,0,1,1,1,1,1,1,585000
Cidade Industrial,2754,0,0,0,1,1,1,1,1,1,700000
Parque Mondesir,85,2,2,1,1,1,1,1,1,0,350000
Centro,4000,4,1,0,1,1,1,1,1,1,430000
Vila Nunes,84,3,2,3,1,1,1,1,1,1,530000
Bairro da Cruz,1219,0,0,0,1,1,1,1,1,1,650000
Loteamento Village das Palmeiras,275,3,3,4,1,1,1,1,1,1,1100000
Cidade Industrial,2754,0,0,0,1,1,1,1,1,1,800000
Bairro da Cruz,1265,0,0,0,1,1,1,1,1,1,700000
Bairro da Cruz,120,3,1,0,1,1,1,1,1,1,550000
Jardim Margarida,482,0,8,3,1,1,1,1,1,1,1350000
Centro,19,1,1,0,1,1,1,1,1,1,5652000
Cidade Industrial,138,3,1,2,1,1,1,1,1,1,420000
Centro,21000,3,2,0,1,1,1,1,1,1,600000
Loteamento Village das Palmeiras,153,3,2,2,1,1,1,1,1,1,961200
Centro,130,3,4,2,1,1,1,1,1,1,435000
Parque Mondesir,432,0,0,0,1,1,1,1,1,0,320000
Bairro da Cruz,936,0,0,0,1,1,1,1,1,1,950000
Cidade Industrial,110,2,2,2,1,1,1,1,1,1,360000
Centro,353,0,0,0,1,1,1,1,1,1,375000
Loteamento Village das Palmeiras,144,3,3,2,1,1,1,1,1,1,849000
Cidade Industrial,2754,0,0,0,1,1,1,1,1,1,800000
Loteamento Village das Palmeiras,153,3,3,2,1,1,1,1,1,1,960000
Parque Mondesir,650,0,0,0,1,1,1,1,1,0,450000
Vila Nunes,300,0,0,0,1,1,1,1,1,1,500000
Bairro da Cruz,16000,0,0,0,1,1,1,1,1,1,950000
Centro,378,4,1,6,1,1,1,1,1,1,1300000
Cidade Industrial,2754,0,0,0,1,1,1,1,1,1,800000
Bairro da Cruz,2189,2,2,0,1,1,1,1,1,1,845000
Bairro da Cruz,130,3,2,1,1,1,1,1,1,1,700000
Cidade Industrial,2754,0,0,0,1,1,1,1,1,1,800000
Cidade Industrial,63,2,1,1,1,1,1,1,1,1,200000
Olaria,160,3,4,2,1,1,1,1,1,1,1100000
Parque Mondesir,552,3,4,3,1,1,1,1,1,0,799000
Cecap,88,4,3,2,1,0,1,1,1,0,600000
Bairro da Cruz,5712,5,0,5,1,1,1,1,1,1,1800000
Vila Nunes,550000,0,0,0,1,1,1,1,1,1,25000000
Centro,203,2,1,4,1,1,1,1,1,1,500000
Bairro da Cruz,350,3,1,3,1,1,1,1,1,1,890000
Vila Hepacare,53,2,1,1,1,1,1,1,1,1,320000
Bairro da Cruz,750,5,2,6,1,1,1,1,1,1,2500000
Vila São Roque,57,1,1,4,1,1,1,1,1,1,455000
Bairro da Cruz,125,3,3,3,1,1,1,1,1,1,980000
Bairro da Cruz,750,3,1,3,1,1,1,1,1,1,1200000
Bairro da Cruz,210,4,2,2,1,1,1,1,1,1,680000
Aterrado,5000,4,4,10,1,0,1,1,1,1,1199000
Loteamento Village das Palmeiras,150,4,1,2,1,1,1,1,1,1,800000
Nova Lorena,142,2,1,4,1,1,1,1,1,1,480000
Bairro da Cruz,267,4,4,4,1,1,1,1,1,1,1200000
Parque Mondesir,294,2,2,7,1,1,1,1,1,0,899000
Olaria,150,3,2,4,1,1,1,1,1,1,630000
Vila Passos,280,2,2,1,1,1,1,1,1,1,650000
Nova Lorena,244,4,1,3,1,1,1,1,1,1,845000
Centro,314600,0,0,0,1,1,1,1,1,1,950000
Cabelinha,290,6,4,1,1,1,1,1,1,1,780000
Loteamento Village das Palmeiras,153,3,3,2,1,1,1,1,1,1,960000
Cabelinha,150,3,2,1,1,1,1,1,1,1,550000
Bairro da Cruz,280,0,0,0,1,1,1,1,1,1,450000
Centro,330,3,1,0,1,1,1,1,1,1,499000
Centro,210,3,1,4,1,1,1,1,1,1,950000
Centro,1200,0,0,0,1,1,1,1,1,1,2550000
Bairro da Cruz,26000,0,0,0,1,1,1,1,1,1,800000
Bairro da Cruz,360,0,0,0,1,1,1,1,1,1,474000
Santo Antônio,48,2,1,1,1,0,1,1,1,1,216000
Parque das Rodovias,75,2,1,2,1,1,1,1,1,0,330000
Centro,2500,3,1,0,1,1,1,1,1,1,990000
Bairro da Cruz,315,2,1,0,1,1,1,1,1,1,680000
Centro,8000,3,1,0,1,1,1,1,1,1,1000000
Bairro da Cruz,372,0,2,1,1,1,1,1,1,1,700000
Aterrado,10000,0,0,0,1,0,1,1,1,1,2500000
Bairro da Cruz,200,4,3,1,1,1,1,1,1,1,599000
Bairro da Cruz,750,0,0,0,1,1,1,1,1,1,1690000
Bairro da Cruz,258,3,3,1,1,1,1,1,1,1,680000
Vila Geny,196,4,4,2,1,1,1,1,1,1,600000
Bairro da Cruz,150,2,2,2,1,1,1,1,1,1,610000
Cidade Industrial,210,2,2,2,1,1,1,1,1,1,800000
Ponte Nova,300,3,2,4,1,0,1,0,1,0,870000
Cidade Industrial,2754,0,0,0,1,1,1,1,1,1,800000
Bairro da Cruz,380000,0,0,0,1,1,1,1,1,1,17100000
Vila Brito,800,0,0,0,1,1,1,1,1,0,14820000
Centro,1000,3,1,0,1,1,1,1,1,1,210000
Parque Mondesir,203,3,1,3,1,1,1,1,1,0,850000
Bairro da Cruz,100,3,4,2,1,1,1,1,1,1,980000
Bairro da Cruz,125,3,4,2,1,1,1,1,1,1,1150000
Cidade Industrial,63,2,1,1,1,1,1,1,1,1,200000
Área Rural de Lorena,720600,0,0,0,0,0,0,0,0,0,3000000
Centro,3207,0,0,0,1,1,1,1,1,1,1150000
Bairro da Cruz,211,2,3,2,1,1,1,1,1,1,950000
Parque Mondesir,280,3,3,3,1,1,1,1,1,0,750000
Bairro da Cruz,1500,0,0,0,1,1,1,1,1,1,2800000
Bairro da Cruz,359,5,2,0,1,1,1,1,1,1,320000
Centro,280,4,4,4,1,1,1,1,1,1,889000
Vila Passos,420,0,0,0,1,1,1,1,1,1,3000000
Bairro da Cruz,750,4,5,3,1,1,1,1,1,1,1200000
Vila Hepacare,450,0,0,0,1,1,1,1,1,1,1060000
Centro,235,4,3,1,1,1,1,1,1,1,405000
Cidade Industrial,194,3,3,3,1,1,1,1,1,1,650000
Centro,363000,3,3,0,1,1,1,1,1,1,1500000
Vila Santa Edwiges,211,3,2,7,1,1,1,1,1,1,700000
Centro,3750,0,0,0,1,1,1,1,1,1,135000
Centro,235,4,3,1,1,1,1,1,1,1,405000
Cidade Industrial,194,3,3,3,1,1,1,1,1,1,650000
Centro,363000,3,3,0,1,1,1,1,1,1,1500000
Vila Santa Edwiges,211,3,2,7,1,1,1,1,1,1,700000
Centro,3750,0,0,0,1,1,1,1,1,1,135000
Bairro da Cruz,750,7,4,10,1,1,1,1,1,1,750000
Nova Lorena,482,0,8,2,1,1,1,1,1,1,1350000
Centro,259,3,2,0,1,1,1,1,1,1,18000000
Centro,133100,0,0,0,1,1,1,1,1,1,795000
Bairro da Cruz,150,2,2,2,1,1,1,1,1,1,610000
Bairro da Cruz,84700,2,2,0,1,1,1,1,1,1,400000
Aterrado,10000,0,0,0,1,0,1,1,1,1,2500000
Vila Portugal,16240,4,2,1,0,0,0,0,1,0,2800000
Vila Hepacare,242,2,1,0,1,1,1,1,1,1,650000
Centro,193600,2,1,0,1,1,1,1,1,1,850000
Centro,115,3,2,1,1,1,1,1,1,1,480000
Centro,3000,0,0,0,1,1,1,1,1,1,14700000
Ponte Nova,1452000,4,4,0,1,0,1,0,1,0,4200000
Santo Antônio,4049,0,0,0,1,0,1,1,1,1,6600000
Bairro da Cruz,999944,0,0,0,1,1,1,1,1,1,78000000
Cidade Industrial,90,3,1,0,1,1,1,1,1,1,465000
Olaria,130,3,1,4,1,1,1,1,1,1,650000
Vila Nunes,350,3,3,3,1,1,1,1,1,1,1350000
Cidade Industrial,133,2,1,2,1,1,1,1,1,1,550000
Centro,1452000,0,0,0,1,1,1,1,1,1,4800000
Área Rural de Lorena,140000,6,1,0,0,0,0,0,0,0,1800000
Santo Antônio,4049,0,0,0,1,0,1,1,1,1,6600000
Vila Geny,147,2,1,3,1,1,1,1,1,1,680000
Loteamento Village das Palmeiras,184,3,3,3,1,1,1,1,1,1,1220000
Bairro da Cruz,3200,0,0,0,1,1,1,1,1,1,1500000
Centro,4138,0,0,80,1,1,1,1,1,1,12000000
Centro,120,0,0,0,1,1,1,1,1,1,46000000
Centro,627600,4,6,10,1,1,1,1,1,1,14700000
Bairro da Cruz,5460,0,0,0,1,1,1,1,1,1,3000000
Área Rural de Lorena,1000,0,0,0,0,0,0,0,0,0,23000000
Bairro da Cruz,124,3,1,2,1,1,1,1,1,1,1350000
Vila Portugal,2,0,0,0,0,0,0,0,1,0,360000
Bairro da Cruz,7500,0,0,0,1,1,1,1,1,1,1300000
Bairro da Cruz,210,2,1,0,1,1,1,1,1,1,400000
Centro,214,4,2,3,1,1,1,1,1,1,625000
Jardim Margarida,330,3,2,1,1,1,1,1,1,1,900000
Aterrado,10000,0,0,0,1,0,1,1,1,1,2500000
Bairro da Cruz,124,3,3,2,1,1,1,1,1,1,1150000
Cidade Industrial,210,2,4,2,1,1,1,1,1,1,425000
Área Rural de Lorena,290400,1,0,0,0,0,0,0,0,0,1900000
Bairro da Cruz,180,0,1,0,1,1,1,1,1,1,1350000
Centro,1289,5,5,8,1,1,1,1,1,1,2200000
Centro,91,2,2,0,1,1,1,1,1,1,450000
Bairro da Cruz,900,4,3,10,1,1,1,1,1,1,1600000
Parque Mondesir,97,2,2,1,1,1,1,1,1,0,425000
Aterrado,300000,0,0,0,1,0,1,1,1,1,24000000
Vila Hepacare,142,2,1,1,1,1,1,1,1,1,450000
Centro,196000,0,0,10,1,1,1,1,1,1,4880000
Bairro da Cruz,324,2,1,0,1,1,1,1,1,1,980000
Santo Antônio,4049,0,0,0,1,0,1,1,1,1,6600000
Bairro da Cruz,330,3,1,0,1,1,1,1,1,1,900000
Ponte Nova,5808000,0,0,0,1,0,1,0,1,0,10000000
Vila Santa Edwiges,128,1,2,0,1,1,1,1,1,1,265000
Bairro da Cruz,750,0,0,0,1,1,1,1,1,1,1200000
Bairro da Cruz,160,3,1,0,1,1,1,1,1,1,1000000
Bairro da Cruz,215,3,2,2,1,1,1,1,1,1,699000
Bairro da Cruz,300,3,1,4,1,1,1,1,1,1,1000000
Centro,379000,0,0,0,1,1,1,1,1,1,15169960
Área Rural de Lorena,70200,5,1,0,0,0,0,0,0,0,2000000
Bairro da Cruz,1125,0,2,0,1,1,1,1,1,1,1800000
Nova Lorena,37,0,0,0,1,1,1,1,1,1,300000
Bairro da Cruz,4000,4,1,0,1,1,1,1,1,1,1950000
Centro,600,0,0,0,1,1,1,1,1,1,800000
Bairro da Cruz,750,4,2,6,1,1,1,1,1,1,1499000
Centro,2500,0,0,0,1,1,1,1,1,1,200000
Bairro da Cruz,450,5,2,4,1,1,1,1,1,1,980000
Bairro da Cruz,1000,0,0,0,1,1,1,1,1,1,990000
Bairro da Cruz,419,4,1,1,1,1,1,1,1,1,980000
Centro,326,4,3,3,1,1,1,1,1,1,1100000
Centro,290400,3,1,0,1,1,1,1,1,1,1800000
Cidade Industrial,210,0,0,0,1,1,1,1,1,1,150000
Bairro da Cruz,700,0,6,0,1,1,1,1,1,1,820000
Cidade Industrial,2754,0,0,0,1,1,1,1,1,1,800000
Bairro da Cruz,1200,0,10,50,1,1,1,1,1,1,5300000
Loteamento Jardim Primavera,147,0,2,0,0,0,1,1,1,1,235000
Bairro da Cruz,900,0,0,0,1,1,1,1,1,1,1599000
Cabelinha,38,1,1,1,1,1,1,1,1,1,150000
Área Rural de Lorena,23943,4,3,4,0,0,0,0,0,0,6000000
Bairro da Cruz,17404,0,0,0,1,1,1,1,1,1,13923200
Centro,310000,0,0,0,1,1,1,1,1,1,31000000
Bairro da Cruz,2000,2,2,6,1,1,1,1,1,1,9500000
Bairro da Cruz,100,3,1,2,1,1,1,1,1,1,1100000
Jardim Novo Horizonte,1246300,0,0,0,1,1,1,1,1,0,4000000
Centro,321,3,2,4,1,1,1,1,1,1,1100000
Olaria,10000,5,0,0,1,1,1,1,1,1,14700000
Vila Hepacare,225,3,1,4,1,1,1,1,1,1,1060000
Bairro da Cruz,500,5,4,4,1,1,1,1,1,1,1390000
Centro,242,0,2,0,1,1,1,1,1,1,1350000
Centro,1040600,0,0,0,1,1,1,1,1,1,3000000
Centro,361,3,2,3,1,1,1,1,1,1,1499000
Parque Mondesir,199,2,1,2,1,1,1,1,1,0,780000
Parque das Rodovias,132878,0,0,0,1,1,1,1,1,0,7500000
Área Rural de Lorena,440000,4,1,0,0,0,0,0,0,0,25000000
Vila Nunes,300,0,0,0,1,1,1,1,1,1,480000
Área Rural de Lorena,2468400,3,2,0,0,0,0,0,0,0,16000000
Bairro da Cruz,2200,3,1,4,1,1,1,1,1,1,2000000
Área Rural de Lorena,190700,0,0,0,0,0,0,0,0,0,5300000
Jardim Novo Horizonte,1890000,0,0,0,1,1,1,1,1,0,5500000
Bairro da Cruz,2700,0,0,0,1,1,1,1,1,1,2500000
Olaria,1087,0,0,0,1,1,1,1,1,1,1600000
Bairro da Cruz,2200,3,1,4,1,1,1,1,1,1,2000000
Área Rural de Lorena,190700,0,0,0,0,0,0,0,0,0,5300000
Jardim Novo Horizonte,1890000,0,0,0,1,1,1,1,1,0,5500000
Bairro da Cruz,2700,0,0,0,1,1,1,1,1,1,2500000
Olaria,1087,0,0,0,1,1,1,1,1,1,1600000
Ponte Nova,42478,0,0,0,1,0,1,0,1,0,5100000
Ponte Nova,2226400,0,0,0,1,0,1,0,1,0,13500000
Bairro da Cruz,331,6,2,3,1,1,1,1,1,1,800000
Bairro da Cruz,2900,0,0,0,1,1,1,1,1,1,2300000
Parque Mondesir,381,3,3,4,1,1,1,1,1,0,1200000
Vila dos Comerciários I,171,1,2,1,1,0,1,1,1,0,380000
Bairro da Cruz,264,3,5,4,1,1,1,1,1,1,2000000
Bairro da Cruz,2700,0,0,0,1,1,1,1,1,1,2500000
Parque Mondesir,360,3,2,3,1,1,1,1,1,0,990000
Centro,330,3,2,2,1,1,1,1,1,1,2128000
Bairro da Cruz,382,7,4,2,1,1,1,1,1,1,2600000
Área Rural de Lorena,2500,4,2,2,0,0,0,0,0,0,6300000
Bairro da Cruz,100,3,1,0,1,1,1,1,1,1,1100000
Santo Antônio,4049,0,0,0,1,0,1,1,1,1,6600000
Bairro da Cruz,100,3,1,2,1,1,1,1,1,1,900000
Bairro da Cruz,2700,0,0,0,1,1,1,1,1,1,4500000
Área Rural de Lorena,23687,2,1,0,0,0,0,0,0,0,1500000
Santo Antônio,4049,0,0,0,1,0,1,1,1,1,6600000
Bairro da Cruz,1000,2,2,8,1,1,1,1,1,1,16000000
Bairro da Cruz,382,4,4,6,1,1,1,1,1,1,2600000
Vila Hepacare,136,3,1,0,1,1,1,1,1,1,950000
Centro,510000,0,0,0,1,1,1,1,1,1,10200000
Bairro da Cruz,750,0,0,0,1,1,1,1,1,1,1500000
Loteamento Jardim Primavera,500000,0,0,0,0,0,1,1,1,1,40000000
Santo Antônio,4049,0,0,0,1,0,1,1,1,1,6600000
Bairro da Cruz,2796,0,0,0,1,1,1,1,1,1,2100000
Bairro da Cruz,1500,0,0,0,1,1,1,1,1,1,1100000
Vila Passos,3600,0,0,0,1,1,1,1,1,1,10000000
Bairro da Cruz,750,3,2,0,1,1,1,1,1,1,1300000
Área Rural de Lorena,55980,0,0,0,0,0,0,0,0,0,7300000
Vila Passos,3500,0,0,0,1,1,1,1,1,1,4300000
Parque Mondesir,600,3,2,4,1,1,1,1,1,0,699000
Bairro da Cruz,2700,0,0,0,1,1,1,1,1,1,1650000
Cidade Industrial,1,3,1,2,1,1,1,1,1,1,1500000
Centro,363000000,1,1,3,1,1,1,1,1,1,6500000
Aterrado,950,0,0,0,1,0,1,1,1,1,360000
Bairro da Cruz,2975,0,0,0,1,1,1,1,1,1,2100000
Bairro da Cruz,750,4,1,4,1,1,1,1,1,1,2480000
Área Rural de Lorena,1400900,0,0,0,0,0,0,0,0,0,6960000
Bairro da Cruz,1,3,1,0,1,1,1,1,1,1,1500000
Jardim Novo Horizonte,10,1,1,0,1,1,1,1,1,0,4880000
Vila Nunes,300,3,2,0,1,1,1,1,1,1,1750000
Vila Geny,319,4,1,6,1,1,1,1,1,1,1800000
Bairro da Cruz,2795,0,0,0,1,1,1,1,1,1,2100000
Centro,2250,2,3,0,1,1,1,1,1,1,960000
Parque Mondesir,247,2,2,0,1,1,1,1,1,0,799000
Centro,799,3,3,5,1,1,1,1,1,1,1600000
Centro,100,4,4,1,1,1,1,1,1,1,1000000
Área Rural de Lorena,218,0,0,0,0,0,0,0,0,0,6900000
Centro,656,3,3,3,1,1,1,1,1,1,1499000
Bairro da Cruz,1000,3,1,0,1,1,1,1,1,1,1500000
Vila Passos,56000,0,0,0,1,1,1,1,1,1,6000000
Bairro da Cruz,300,2,1,0,1,1,1,1,1,1,1150000
Parque Mondesir,21000,0,0,0,1,1,1,1,1,0,21000000
Bairro da Cruz,56000,0,0,0,1,1,1,1,1,1,7300000
Bairro da Cruz,430,3,2,0,1,1,1,1,1,1,1380000
Bairro da Cruz,750,5,1,6,1,1,1,1,1,1,2500000
Bairro da Cruz,750,3,1,0,1,1,1,1,1,1,3392000
Bairro da Cruz,1452000,4,0,2,1,1,1,1,1,1,4200000
Bairro da Cruz,600,4,1,2,1,1,1,1,1,1,1900000
Bairro da Cruz,1800,0,0,0,1,1,1,1,1,1,2250000
Centro,550,9,6,0,1,1,1,1,1,1,3000000
Centro,800,3,0,6,1,1,1,1,1,1,6000000
Bairro da Cruz,248,3,2,11,1,1,1,1,1,1,1500000
Centro,429,6,2,2,1,1,1,1,1,1,1600000
Centro,999,7,6,0,1,1,1,1,1,1,13990000
Bairro da Cruz,99,3,2,2,1,1,1,1,1,1,850000
Bairro da Cruz,495,3,1,0,1,1,1,1,1,1,1300000
Vila Hepacare,7380,0,10,0,1,1,1,1,1,1,15900000
Olaria,200,7,0,10,1,1,1,1,1,1,16500000
Bairro da Cruz,1800,50,50,35,1,1,1,1,1,1,7500000
Bairro da Cruz,750,5,5,5,1,1,1,1,1,1,2500000
Bairro da Cruz,382,8,5,5,1,1,1,1,1,1,2760000
Bairro da Cruz,999944,0,0,0,1,1,1,1,1,1,78000000
Centro,429,7,5,2,1,1,1,1,1,1,1600000
Centro,350,0,1,0,1,1,1,1,1,1,1380000
Bairro da Cruz,264,3,3,0,1,1,1,1,1,1,2000000
Vila São Roque,309,1,1,0,1,1,1,1,1,1,2400000
Centro,4000,0,0,0,1,1,1,1,1,1,11800000
Bairro da Cruz,380000,0,0,0,1,1,1,1,1,1,17100000
Bairro da Cruz,330,4,1,2,1,1,1,1,1,1,2100000
Parque Mondesir,500,1,1,0,1,1,1,1,1,0,4880000
Aterrado,10000,0,0,0,1,0,1,1,1,1,2000000
Vila Nunes,400,3,2,2,1,1,1,1,1,1,1000000
Loteamento Colinas de Lorena,1500,0,6,50,1,1,1,1,1,1,8000000
Bairro da Cruz,264,3,5,4,1,1,1,1,1,1,2000000
Centro,90,5,2,0,1,1,1,1,1,1,6500000
Aterrado,13900,12,8,50,1,0,1,1,1,1,3500000
Jardim Margarida,600,6,5,3,1,1,1,1,1,1,1300000
Centro,100,1,1,3,1,1,1,1,1,1,6500000
Vila Nunes,1600,14,16,4,1,1,1,1,1,1,2300000
Aterrado,4000,7,12,5,1,0,1,1,1,1,1800000
Bairro da Cruz,382,8,5,6,1,1,1,1,1,1,2489660
